filename,combined_serial,background,bodies2,toyhat,eyes
2KEgPSrmRkt7.png,2KEgPSrmRkt7,2KE,gPS,rmR,kt7
dPBvyhrmRS0Q.png,dPBvyhrmRS0Q,dPB,vyh,rmR,S0Q
7FIogWrmR9VI.png,7FIogWrmR9VI,7FI,ogW,rmR,9VI
0F45xCrmRp5n.png,0F45xCrmRp5n,0F4,5xC,rmR,p5n
AeT50wrmRp5n.png,AeT50wrmRp5n,AeT,50w,rmR,p5n
PL4VQcrmR78g.png,PL4VQcrmR78g,PL4,VQc,rmR,78g
1UugPSrmR3gO.png,1UugPSrmR3gO,1Uu,gPS,rmR,3gO
AeTogWrmRI5B.png,AeTogWrmRI5B,AeT,ogW,rmR,I5B
1UuVQcrmRp5n.png,1UuVQcrmRp5n,1Uu,VQc,rmR,p5n
FrEgPSrmRI5B.png,FrEgPSrmRI5B,FrE,gPS,rmR,I5B
e4YvyhrmRVre.png,e4YvyhrmRVre,e4Y,vyh,rmR,Vre
AeTogWrmRLMU.png,AeTogWrmRLMU,AeT,ogW,rmR,LMU
AWw50wrmR78g.png,AWw50wrmR78g,AWw,50w,rmR,78g
AWw5xCrmRT1D.png,AWw5xCrmRT1D,AWw,5xC,rmR,T1D
AWwgPSrmRJYe.png,AWwgPSrmRJYe,AWw,gPS,rmR,JYe
1Uu50wrmRp5n.png,1Uu50wrmRp5n,1Uu,50w,rmR,p5n
VTO50wrmRolN.png,VTO50wrmRolN,VTO,50w,rmR,olN
PL450wrmRI5B.png,PL450wrmRI5B,PL4,50w,rmR,I5B
VTOVQcrmR3gO.png,VTOVQcrmR3gO,VTO,VQc,rmR,3gO
1Wq50wrmRnWA.png,1Wq50wrmRnWA,1Wq,50w,rmR,nWA
0F450wrmRT1D.png,0F450wrmRT1D,0F4,50w,rmR,T1D
7FI50wrmRy8s.png,7FI50wrmRy8s,7FI,50w,rmR,y8s
Rz3gPSrmRLMU.png,Rz3gPSrmRLMU,Rz3,gPS,rmR,LMU
AeT50wrmRT1D.png,AeT50wrmRT1D,AeT,50w,rmR,T1D
0F4gPSrmRVre.png,0F4gPSrmRVre,0F4,gPS,rmR,Vre
1UuvyhrmRI5B.png,1UuvyhrmRI5B,1Uu,vyh,rmR,I5B
Rz3VQcrmRVre.png,Rz3VQcrmRVre,Rz3,VQc,rmR,Vre
VTOvyhrmRnOi.png,VTOvyhrmRnOi,VTO,vyh,rmR,nOi
Rz3ogWrmR3gO.png,Rz3ogWrmR3gO,Rz3,ogW,rmR,3gO
AWw50wrmRTAV.png,AWw50wrmRTAV,AWw,50w,rmR,TAV
